{
  "lang":"en",
  "name":"pipeline",
  "version":"0.0.0",
  "spacy_version":">=3.8.6,<3.9.0",
  "description":"",
  "author":"",
  "email":"",
  "url":"",
  "license":"",
  "spacy_git_version":"911539e",
  "vectors":{
    "width":0,
    "vectors":0,
    "keys":0,
    "name":null,
    "mode":"default"
  },
  "labels":{
    "tok2vec":[

    ],
    "ner":[
      "ACTOR",
      "DOMAIN",
      "HASH",
      "IP",
      "URL"
    ]
  },
  "pipeline":[
    "tok2vec",
    "ner"
  ],
  "components":[
    "tok2vec",
    "ner"
  ],
  "disabled":[

  ],
  "performance":{
    "ents_f":0.995387202,
    "ents_p":0.9929017018,
    "ents_r":0.9978851772,
    "ents_per_type":{
      "DOMAIN":{
        "p":0.9997227025,
        "r":0.9997716262,
        "f":0.9997471637
      },
      "HASH":{
        "p":0.9926117743,
        "r":0.9996169316,
        "f":0.9961020371
      },
      "URL":{
        "p":0.9947867704,
        "r":1.0,
        "f":0.997386573
      },
      "IP":{
        "p":0.9804337291,
        "r":0.9900293614,
        "f":0.9852081812
      },
      "ACTOR":{
        "p":0.7272727273,
        "r":0.96,
        "f":0.8275862069
      }
    },
    "tok2vec_loss":23683.7615869551,
    "ner_loss":5097.4536132812
  }
}