{
  "lang":"en",
  "name":"pipeline",
  "version":"0.0.0",
  "spacy_version":">=3.8.7,<3.9.0",
  "description":"",
  "author":"",
  "email":"",
  "url":"",
  "license":"",
  "spacy_git_version":"4b65aa7",
  "vectors":{
    "width":0,
    "vectors":0,
    "keys":0,
    "name":null,
    "mode":"default"
  },
  "labels":{
    "tok2vec":[

    ],
    "ner":[
      "CVE",
      "DOMAIN",
      "FILE",
      "IP",
      "URL"
    ]
  },
  "pipeline":[
    "tok2vec",
    "ner"
  ],
  "components":[
    "tok2vec",
    "ner"
  ],
  "disabled":[

  ],
  "performance":{
    "ents_f":0.9908212938,
    "ents_p":0.9903520914,
    "ents_r":0.9912909409,
    "ents_per_type":{
      "CVE":{
        "p":0.9685950413,
        "r":0.9965986395,
        "f":0.9823973177
      },
      "DOMAIN":{
        "p":0.8383386581,
        "r":0.847819063,
        "f":0.8430522088
      },
      "IP":{
        "p":0.8731501057,
        "r":0.9249720045,
        "f":0.8983143013
      },
      "URL":{
        "p":0.998209074,
        "r":0.9977237569,
        "f":0.9979663565
      },
      "FILE":{
        "p":0.0,
        "r":0.0,
        "f":0.0
      }
    },
    "tok2vec_loss":76.6819432116,
    "ner_loss":296.5954284668
  }
}