{
  "lang":"en",
  "name":"pipeline",
  "version":"0.0.0",
  "spacy_version":">=3.8.6,<3.9.0",
  "description":"",
  "author":"",
  "email":"",
  "url":"",
  "license":"",
  "spacy_git_version":"911539e",
  "vectors":{
    "width":0,
    "vectors":0,
    "keys":0,
    "name":null,
    "mode":"default"
  },
  "labels":{
    "tok2vec":[

    ],
    "ner":[
      "ACTOR",
      "DOMAIN",
      "HASH",
      "IP",
      "URL"
    ]
  },
  "pipeline":[
    "tok2vec",
    "ner"
  ],
  "components":[
    "tok2vec",
    "ner"
  ],
  "disabled":[

  ],
  "performance":{
    "ents_f":0.9954403414,
    "ents_p":0.9914091704,
    "ents_r":0.9995044285,
    "ents_per_type":{
      "DOMAIN":{
        "p":0.9998858112,
        "r":0.9998695007,
        "f":0.9998776559
      },
      "HASH":{
        "p":0.9924221367,
        "r":0.9994990644,
        "f":0.9959480291
      },
      "URL":{
        "p":0.998626963,
        "r":0.999742268,
        "f":0.9991843043
      },
      "IP":{
        "p":0.9713843774,
        "r":0.9987766088,
        "f":0.9848900685
      },
      "ACTOR":{
        "p":1.0,
        "r":0.96,
        "f":0.9795918367
      }
    },
    "tok2vec_loss":24832.2677564534,
    "ner_loss":5358.341796875
  }
}